K,tau,theta
0.9838183843965087,9.657033898876215,2.313518500272418
0.9992611266822555,10.254256915128623,1.9108882583793616
1.0026583670511413,10.557283062147274,1.9179229323738891
1.002417886505607,10.271210194532697,1.9998364886334006
0.9944397616777391,10.375503290812274,1.8098171563013516
0.9934771442166965,10.030490882508472,2.068075947805017
0.9969005769763153,10.197336810865554,2.0000000215743765
0.990959450454522,10.033280367371994,1.9397943185999793
1.0165056853241063,10.885113083580354,1.8379913187043662
0.9939068403489254,10.281494530705384,2.0223229922384083
1.0050798486266193,10.247918725474742,1.9749674205652177
1.0034846180906143,10.139808214480281,2.1660458099724
0.996664988458558,10.080450675525082,2.041339983445777
0.9891095232923509,10.310990059600863,1.8384195251751045
1.0062282923238484,10.809360621854447,1.7835725906783841
0.9809097871165032,9.586408857282944,2.225312766032822
1.0068439895388417,10.266023554955426,1.9257659717351021
0.9921869499109522,10.107260783722664,2.0394149722294537
0.9841472790029636,10.1716722901142,1.8322105516719505
0.9873369208022528,9.920217982352872,2.146188281599131
0.9708841102919498,9.294899882658598,2.1044152870461157
0.9948344509186559,10.27265386246665,1.9356024940062433
0.9970835595052963,10.353052600922943,2.1119493654200885
0.9966763285255167,10.101226674266025,2.0000000188904847
0.9833014577794047,9.407762916551436,2.30032595103926
0.9913863384846628,9.941155066208882,2.0708482324240185
0.9946416279766919,9.934269749340645,2.19840837425258
0.9939933198821072,10.274144384757724,2.011777778987353
0.9805110196515544,9.663410908340197,2.0680403447468705
0.9829675549880624,10.004839139559317,2.0000003272890234
0.9685114701721937,9.300611084654241,2.2137543637217174
0.9825407064340235,9.73307044989975,2.1011224618838846
0.9671830895752106,9.275275102286102,2.2372320756488815
0.991298240967579,10.092703374464916,2.0292689177166854
1.0129389363237606,10.618869120147036,1.9151758270056838
0.9896924183769107,9.90846915358514,2.0562722587735798
1.0039019273060257,10.218212033079087,2.0696742864181994
1.005143861059907,10.341668685666107,1.9617557084157855
1.0009794216635404,10.470051372531188,1.9667532838366908
0.9981598514324139,10.27158176099336,2.0000000011762338
0.9876318770732953,10.069152310300554,1.9259228701167734
0.9894747663747828,9.73257825267688,2.2712314415643786
0.9968172897988334,10.032928279129944,2.1254135097901234
1.0113216632646644,10.52586969204635,1.999999720140938
0.9769019348038588,9.706758632334619,2.1415910968185212
1.010898847591848,10.564576166305796,2.056721099869199
1.0069037736732822,10.721955775600026,1.865037010914706
0.9789217966108541,9.638168510930049,2.108374010052373
1.0050213018400198,10.529913789841672,1.8193950467638942
1.014495904145247,10.810208445326884,1.8052326650528696
1.0154010597425358,10.947380330017136,1.6951626406041906
0.990154562079947,9.882191204636829,2.1298996756833986
0.9661384529189507,9.438805784572391,2.1740359786724675
0.9825394091623079,9.83788088518942,2.1395652370789984
0.9929103941326182,10.114174041276684,1.8545999147701568
1.005025248237238,10.42142670424615,1.9004960723636035
1.0093117692377889,10.655442237957764,2.0155288875902153
0.9822985431123492,10.057091397503426,1.8737308828301062
1.006573876409859,10.507492630261865,1.913399606730429
0.9904769453515576,9.75028873215055,2.194008154477164
1.012754822744703,10.519542798408922,2.0097218646179114
0.9873627318609717,10.176877151101282,1.8997634823300389
0.9782635899502047,9.51637053282461,2.014895134770503
0.9904068138138005,10.173485955986143,1.9999999735301508
0.9839420186993163,9.87677199787674,2.1653681939029354
1.0088207258373842,10.30698694715767,2.211804747996591
0.9785259784811532,9.724135511636241,2.108061898761471
1.0072683848708597,10.183332679941397,2.2568669600940336
0.9963133405024541,10.225360929175103,2.0449863592533766
0.9932883487152495,9.84249225963856,2.127631535575815
1.0193042482908077,11.061847190890315,1.8448726023956916
1.00545475128869,10.59313016788857,1.7558477800848629
0.9922590085174067,10.264537428111673,1.889058025594943
0.9803656658479188,9.963600397597359,1.8520807067551104
0.9982149766581384,10.162030195911761,2.063962425333087
1.0109246230032873,10.729777428819009,1.7878938998207339
1.0064317753648409,10.370440608398178,2.0203651726155085
0.9802879050862584,9.628865275018999,2.273095501624049
0.9763585743568156,9.588308327691085,2.272462163126598
1.017762774111906,10.770688246749518,1.926903074338587
0.9754155910712163,9.603256434660207,2.139922056333165
0.9832918593327094,9.741616274474724,2.0904631886664164
0.9812623248964221,9.894476280324412,1.9695823592594257
0.9912139540141787,9.902122130306822,2.098227441789629
0.9872787550058946,10.06287907880747,2.0000007873248253
1.0052322339530881,10.440178000817289,1.9359784694476834
1.013004329018997,10.519934607967468,1.957045426227261
0.9839102072210222,10.178684526778047,1.9999999889664735
1.0033195878994885,10.423835536630337,1.955749031698499
0.9796452386334268,9.693550846722218,2.1009220998692713
0.986775053891642,9.96428414252241,2.1072560630332298
0.9985818326252023,10.182573987972917,2.126738223090137
0.9754875494874566,9.759906176469363,1.836580204027899
0.9722097105299748,9.42584444578223,2.130804674289561
0.9931230972290127,10.19958316221577,1.956613559657253
1.0183580942843096,11.329754513831134,1.6752254129826474
0.9801431569202452,9.51687136462633,2.081260827048566
0.9900851361056588,10.202590881664822,1.8682392665048893
0.9919648632397166,10.041919106827745,1.9795152320439762
1.0117826156170513,10.568648563316772,1.9380887785940457
0.9862572519094868,9.899693457241423,1.9479906099136532
0.9981029070758695,10.237804975924282,2.028606484285622
1.0134687573193397,10.63879981976548,1.8484020956082319
0.9965880225353478,10.168899974959503,2.0388078302920314
0.9812515227108501,9.80281984919685,2.1117706063664
1.0094855625085886,10.216273372358309,2.0239023841004222
1.0088543404978032,10.642379891308742,1.8273422789657034
1.0094158804449338,10.506031953387913,2.0127658802695265
0.9975644361012108,10.227523104210722,1.8924424854053359
1.0240002650372095,11.232057286615408,1.9168503060945539
1.019255293095741,10.916958443955654,1.7857376691483935
1.0027539301374746,10.308448732033844,2.056083525681869
0.9925390117997384,10.14809345359651,2.0118611676840787
0.9802048272043381,9.967510927873397,1.8715406185545038
1.0149709072898097,10.82861962792913,1.8528165935807186
0.9878986494858426,9.937508331257195,2.0773440647180097
0.9888856571617253,9.705869192578684,2.1068180032707113
0.9964386663127214,10.089738855953971,1.9566847735950599
0.9970569411762392,10.165096700640657,2.061373267226507
0.9922006235375306,10.068193092407135,1.8865574087187666
0.9974605623171653,10.131557855636553,2.1528823416160483
0.991335324143258,10.151235512661515,1.9999999190995188
0.9779539580128573,9.793554387618256,2.0666477777873475
0.9801605993671556,9.734056205524617,1.943687957485146
1.002870888424648,10.408077414107586,1.9282324464216307
1.0109837995964785,10.527500753071688,1.9796993059336998
1.0139843029266353,10.81494288366272,1.808018890311316
1.0127593698943178,10.818575445453844,1.7804880599953532
1.0029977868250695,10.167548465444643,2.0502193643063413
0.9724883089305794,9.46579941767364,2.153936203303604
1.003173991989529,10.575171758479483,1.9161726110279935
0.9969258041807446,10.44495046562767,1.8337080335828704
0.9928415510670217,10.258536930276067,1.9741444824749477
0.9712022863075698,9.30966087942291,2.3348037986963472
0.9981414150474933,10.159838085040768,1.9767888973306833
0.9960308111686401,10.012971239751254,2.1172578138984286
0.9863740884034373,9.87865521661799,1.958231345164284
0.9910604373460434,9.835908676683676,2.1868333409864325
1.0115851492497343,10.567241113772056,1.857885008044576
0.9947545408930775,10.005932167762076,1.9931709455208804
1.0089601316441656,10.46601135233078,1.8937551022680008
0.9873825285149346,10.034553244501794,2.0613393844998393
1.0148758342788562,10.569849895882061,1.9999999507554218
1.0050157286669688,10.623317025657256,1.8061415365793667
0.9872693749987467,10.183507240983642,1.8186565094609253
0.9958917282701542,10.279183531566762,1.9335182712401051
0.9835054963696802,10.097074147322395,1.9999999710701777
0.9861939364772653,9.502975818608665,2.0429542122002933
0.9891451003031047,9.937753631012342,2.1003132214134976
1.0042684410820124,10.421923602159792,2.0512512800572753
0.9753336798227155,9.7388529093205,2.000000280804169
0.9848691134085585,10.163652923129835,1.85096722300045
0.9985590259452671,10.164384106642906,1.9644056274166544
0.9997221040193804,10.282897980585293,2.121287872603371
0.9819103829078377,9.95091564761464,2.038864711485971
0.9964038782053725,10.132134684972673,2.120978944753097
0.9970791841228773,10.065365826015626,2.14524499778583
0.9930488422604038,10.016875154251048,1.9712301568753514
0.9877844223868508,9.857078126490661,1.9416931782978952
0.9923804600359593,9.594834805472853,2.3128689578648824
0.9652006403054164,9.291524862330713,2.000000663308343
1.0021403605873742,10.317343515944993,2.0000000058213914
0.9959589307342056,10.214865337590947,2.1265140856807268
0.9822936974934751,9.773211830586362,2.0214505475767517
0.9880839273345277,9.986268179411656,2.000000200838518
1.0109215431672554,10.208183845898219,2.14512385023747
0.9833732340592928,10.082018369320501,1.8876387771570902
0.9862842177044905,10.261902458080394,1.7999993881717737
0.9945510690499559,10.274915293090368,1.8878792346788782
1.0046003509452694,10.326525014045773,1.9575652532822023
0.9963482993420805,10.115830559104872,2.0765602183379857
0.9940395876571827,10.293749600843961,1.999999977103915
0.9922004698281571,10.286851643078622,1.9467266800753467
0.9876441336528343,10.093426257156876,2.119120914053163
1.006028545846624,10.443407233618924,1.8937336734818264
1.0051247490697233,10.37605877825439,1.9817259618705811
0.9969500162674196,10.182544166279005,2.0675966195389752
0.9683116179356684,9.245176115462549,2.24184008186469
0.9859003564494986,10.17775650947266,1.8095351362038776
0.9814098760069575,9.574512917269326,2.090052159015262
1.007440628468701,10.469701312676873,2.12350813494209
0.9969985351968069,10.2972349998117,1.922001271976616
0.9751133791812145,9.327101535873942,2.1364255931794913
0.9962825219408263,10.320486922542262,1.8826801681804919
0.9918513630851925,9.996417975910557,1.9579690159390266
0.9782177701906513,9.576530158691737,2.060866461806699
1.0141074970676809,10.661858680102506,1.9062404576286478
0.9819981519513441,9.577349712747843,2.105661269481315
0.9677568058591027,9.328129860381749,2.2809603841244366
0.9911073837686893,10.022220061131973,1.9237479706882494
1.0065962072137975,10.522300610709294,1.984039543702746
1.02147766975043,10.668307956462215,2.0889989904977435
1.0085071754053156,10.410088335193606,2.0981742884089694
1.002833892192426,10.407997384553145,2.150212649874338
0.9796495880244833,9.401435608052353,2.1163064546031594
0.9932418443733421,10.219513146814625,2.0343713226059066
0.9710686243635799,9.715755492990588,2.092847785976005
0.9958042294269918,10.095098573397088,1.9999999010842253
0.98167743840395,9.765448899232641,1.95271863832226
0.9786134561678259,9.716443008372389,2.0576466733035486
0.9684800944940567,9.684057342197212,1.9326801490288885
1.0093722682131216,10.560089448514578,1.9438911704928938
1.017033242963724,10.709547080845415,1.9935841936169079
1.0045471185991426,10.556469815424856,1.8367252968666825
1.0094179303381787,10.38179091639733,1.941677116669684
0.9927582565874502,10.381686297446391,1.783376803296944
0.9728378681052475,9.531608313948471,2.238239828522509
1.00245966941886,10.165525485826436,2.0565140626424765
1.0052329695161148,10.847706819829986,1.876408549998266
1.01747618224741,11.101341671474444,1.9266032873588048
1.0053772803085483,10.08479165852941,2.0108655900157677
0.9726679952841218,9.49209099199535,2.2225023845669605
0.9907294444324473,10.171313678788504,2.01992403744205
0.9853034305367354,10.005778865018469,1.9341591234764797
0.9832865151723004,9.834324191504832,2.122623165810109
0.9762307813272705,9.695783127462281,2.0899768422467884
0.9955879694476133,9.893785020283985,2.080415498905469
0.9935469114647865,10.098353961594713,1.8949306988147803
0.9896726484372795,9.839628358054261,2.24812402080726
0.9901921355670954,9.91467074901996,2.0282098563556694
1.011425900840016,10.57227073345011,1.9340017710436657
0.9939214646967383,9.967034065110449,2.062098201513069
0.9726729337821396,9.298511483369444,2.203211142967011
0.9992679346007279,9.92547759095132,2.116416389881949
1.0051500996430025,10.35413317597481,2.017497285029875
0.9729496517835043,9.50270982621418,2.1368085538664117
0.9809943207462747,9.850888972598595,2.158587205882713
0.9933072829895195,10.193445013158877,1.797868543094848
0.9893981040364745,10.044590089094143,2.0502948656114075
1.0081457819880182,10.535587938668721,1.877777815700857
0.9904293080919355,10.114571851695983,1.9999999418620222
0.9663441322872587,9.629526444088812,2.000000335831065
0.9855177072923431,9.874490471913834,2.0628309823457873
1.0163135546330468,10.725316466661875,1.8418322353401497
0.9797775599782349,9.350368236919497,2.250894502345302
0.992429121731588,10.216288667388858,1.807939903913087
1.0133354831752042,10.379927254552744,1.9999994842211744
1.0212649443859316,10.41913288449008,2.0627958089555056
0.9795225031039321,9.622222778044284,2.0602936294387684
0.9785052519964197,10.06052475149079,1.9377996858871345
1.0000589264591953,10.473072640975538,1.8970317171072502
0.9850579824377091,9.727540205031584,1.9999999685390424
0.9885278452815991,9.96890749594752,2.14716221440687
0.9967430683554354,10.178053524349918,2.0850257331766695
1.0074187017520235,10.341434263365496,2.033658636374745
0.9889693153653265,9.860634365318687,2.1258912619496186
1.0026118623208833,10.516669383839602,1.9204397528500092
1.0197453809058918,10.819664823841194,1.8979322834402437
0.9875172227015654,9.923187318065843,2.2835020280471596
1.0143704336590977,10.481069439560136,2.2039718698314856
0.995247945124555,10.260185463586406,1.8828497788656975
1.0290528432649282,10.951849487613385,1.8389514140833447
0.9984377222613767,10.074477363277182,2.005046522227325
0.9816765289835087,9.791385484554302,2.0373872581395913
1.0113858115206424,10.463854677773845,2.199698708899189
1.0100538270408226,10.646163706251649,1.7196904711116547
0.9641409058395423,9.146748731973362,2.1672985991780047
0.9802231024234634,9.879023357846451,1.8685222652580378
0.9912586602461693,10.112154238467856,1.8977541203593211
1.0213829428985353,10.886595416728001,1.923120780096155
0.9826936958280078,9.958153956464278,1.9999999869077116
0.9862773640092107,9.990835167233728,1.8619187306668035
0.980952030840049,9.49697705592474,2.330619561866615
0.9986285602733267,10.113631965076562,2.185309095239421
0.9804284438362583,10.083780246844343,1.804707719782991
0.9805525411960007,9.491049329046428,2.1869357913683425
1.0092441383704351,10.387136614695944,2.0779806946151975
0.989999841273967,9.863291901480503,2.1452093722664762
0.9875133176352628,9.775674526088407,2.1393753794654455
0.9851539194498337,9.739883190824633,2.1242177061337215
1.0008402123042373,10.339076766078346,1.9634338593669636
1.021213534188282,10.740319070952715,2.014334508306982
0.967106458153291,9.58463305110176,2.0374744683533255
0.967283050030139,9.169614842131248,2.21688369089158
1.0106773048815865,10.5139528214989,2.0592292068396656
0.9906385643951143,10.089126667685784,2.187888390662182
0.9690214839208063,9.394584973844692,2.2698842343073573
0.979736287670306,9.58287224616348,2.3230243648094784
1.0263831026957968,10.96257304827483,2.019170887907266
0.9945125678170191,10.13852450416544,1.9914664244578373
0.9917924681415544,10.006387293156726,2.0881572182013555
0.9738452154406015,9.633852651031726,2.212278089641303
0.9960760225433019,10.097391570192855,2.147657015206555
0.9989808847538934,10.358186326169747,1.955912922719813
0.9860696085334643,9.738919321704799,2.079875978263446
1.0165542434287933,10.871133633378795,1.853742530528671
1.0152078966962188,10.718630079918317,1.8868482063278817
0.9915168679694755,10.20226867160356,1.9052301267768852
0.978768540587085,9.839959707038615,2.1173230789893127
0.9843549616790708,9.547187395973237,2.2691262876756584
1.014381973673227,10.982588607598503,1.7380431027462255
1.0023566019719867,10.0536705456227,2.254241263264893
0.9862746313752219,9.73168234638309,2.0895800386319214
1.011111601101847,10.461508718076063,1.9335524485452746
0.9756116691926252,9.702858481400002,2.0420978334953186
0.9823721801894684,9.914682425379207,2.0000017361920146
1.0002564855009524,10.280305246304463,1.980535959154782
1.0010600455629324,10.423741274251277,1.981524863759055
1.0012143939649485,10.427086401413368,1.788263639596094
0.9830438600962651,9.658172385091877,1.9261434101780843
0.9788794521132442,9.5254243960868,2.2914589296427668
0.9904644244970616,10.104290996296266,2.046372724477514
0.9975425372300178,10.299784440330702,1.9548323713639815
1.0043826082647553,10.46197113463644,1.822835859224774
0.9999297276566735,10.64976031182073,1.8103942133874416
0.9982220342044692,10.260374928957106,2.0408513349260855
0.9932492066030992,10.09134122821084,2.028540134520601
0.9880254857124692,9.895964644352782,2.039223937260773
0.9951563625232663,10.059245831182311,2.0761468248492574
1.0139666200845137,10.929711526098345,1.732120972515121
0.9864070322367579,9.936064433974844,2.070048348783496
1.0052388785297688,10.267139621000835,2.068821095378508
1.0201167327234348,10.840034034116893,1.9114999007356488
0.9730666421088079,9.747305089621838,2.0748960006618233
0.9752772832316318,9.332117033725437,2.2824712466522237
0.9759517821456407,9.68719695407834,2.061889537154681
0.97599404958282,9.305272922173065,2.3264002860517414
0.9931995037217386,10.375424892676461,1.8913593034570912
0.9846962955177524,9.955198487779926,2.0024679081961034
0.9885539699749859,9.851930823052792,1.9855443609323136
1.0018477673524353,10.329702867444286,1.889944820720419
0.995541839622288,10.327349093760093,2.0348932271450524
0.9874088133046647,9.784644607925747,2.182112718576385
0.9932788108006257,10.093451761660154,2.051704705084913
0.9851972190328465,9.988288853054808,2.0179261799144097
0.9926164325181541,10.0203846313318,2.186751940723116
1.0114262877333624,10.907904436386143,1.7180928457099345
0.9914827169197825,9.90589972410619,2.059977080492076
0.9854737787192022,9.959151025807959,2.0111138081905553
1.0038926772419992,10.266698242379693,2.144192759061164
0.9715516170137857,9.43441458382311,2.2215136033185923
0.9953361717526528,10.021141643784095,2.0947288264863406
1.009705697438628,10.128057452905148,2.083809881242213
1.0092525406958277,10.695887852657592,1.829038331094966
0.9898008731596813,9.801519388996674,2.260813491970444
1.0087274889365092,10.158102440776748,2.0346543035054636
0.9875348786982255,9.91900712707398,2.069788000289742
1.0019908055302897,10.200873380895317,2.069560742944534
0.9897961582724721,9.655597173192094,2.126899338017627
0.9786250035942489,9.698937768173531,2.122034488522868
1.0252386837144412,11.16640726627174,1.7993648393799655
0.9930799331715975,10.24407898754833,2.0000000954290136
0.9998992926512078,10.336710749692193,2.032900667705782
0.9885138741360242,9.887936194702352,2.0199759097676395
1.0097877663681556,10.451260697032994,2.009258091550987
1.017916805337226,10.6550725409114,1.9532054915802683
0.9822186062108982,9.632897911605752,2.023853877877109
0.9722103689477769,9.35981267173572,2.2643319984764214
1.009781398458822,10.297313765201887,1.9872467274579508
0.9841015931000396,9.84477186717561,1.9999999942092577
1.0289848861456201,11.082197565006568,1.8648256287648053
1.0085908689314573,10.777751319785699,1.7105791371476748
1.0103746704310883,10.634350132083132,1.9999999686450467
0.9804198949299386,9.801905377146829,1.9999998656860556
1.0079306602716172,10.61358001930349,1.958257112386469
0.9928605350602705,10.386677663977714,1.8887262677235812
0.9858779022657067,10.072145314886349,1.9336970782583454
1.0153788274206739,10.812985423858844,1.861441536171218
0.9872592579262345,9.683091313856128,2.2124517955093403
0.9924423976666492,9.876729045103488,2.248002927558739
0.9786701479784256,9.544055170973499,2.1070183898582657
0.9966259645700679,9.672304174685644,2.2610851104720195
0.998280228166465,10.110871237732901,2.0775166168795436
1.0104865306758364,10.240335554088784,2.1530795290224947
1.0077754060724604,10.327631347656881,2.0480878022468056
0.9947693091287407,9.84032329997469,2.2226525678918114
0.9900776775441862,10.30829811394224,1.844706369025399
1.0441446763581543,11.834332860654754,1.7322306722371938
0.9748271605629713,9.426908866763602,2.2091854435447504
0.9770063983504034,9.430044110825145,2.283786203896879
1.0034239700835401,10.314614517153773,2.0016299003314586
0.9827126876237897,9.732994980967876,2.0613260865129877
0.9970700396277222,10.251331951917996,1.8825696291927088
0.9879715797158026,9.923001272523923,2.011463022244071
1.0216849999172584,10.764115095883666,2.000021077254276
0.995917375257534,9.870892633058537,2.1562417532392697
0.9973400650443677,10.263968075470126,2.0000001512166787
0.9770944678350919,9.814241500892914,2.125533054489855
0.9879069524310092,9.975618552579165,2.036595846115337
0.9940487666100262,10.02131317834717,2.10451167639109
0.9746137942382267,9.64702600872756,2.1283849612272645
0.9973763357183931,10.468487236023234,1.8335762209376825
0.9841251457062397,10.040907257095059,1.9328452052541323
0.9870005545986639,9.958959130221917,1.9300647644483226
0.9942030995898815,10.10477867927542,1.9999999550537646
0.9993623196005472,10.337257302174317,1.999999438437663
1.0556494644091718,11.994851322522894,1.7540780638245612
0.9927109350895459,10.18299208772557,1.864810343414256
1.0185226016999316,10.608604901666487,2.0794953821969075
0.9924151539624677,10.070655002849803,2.052741919653947
0.9886395842796633,10.123972197479386,1.9547731603305554
1.0078624155353528,10.512420726180709,1.9052541804685137
1.0032578624213502,10.446527689877227,1.8446813994101285
0.9912335494594434,9.792297508609161,2.170403325272589
0.9900253521983106,9.945086630591762,2.0140348833356505
0.97176202759016,9.590710507633197,2.0542359213621966
0.97471028649497,9.523402739225736,2.1988450179315797
0.9944570582228754,10.109598295748867,2.025953394296227
0.9588596359163832,9.440231254810552,2.205185721909905
0.9811129503322185,9.95432142644447,2.0313159322552283
1.005016776999224,10.502264348700246,1.9999999939750446
0.9960675873031988,10.227732331196817,2.023255829549508
1.0061158571893596,10.3590828847765,2.1693107169407226
0.9848358468155621,9.751243117712706,2.0913900456615493
1.0055700637148564,10.28897526465028,2.0381028530852974
0.9826910293256725,9.662625262272114,2.155234794119443
0.9888005433808003,9.93902068489033,1.9999999599579068
0.9822338146331324,9.904429757600672,1.9176401235050955
0.9726337815683455,9.488642250312175,2.086716013456628
0.9845262905296714,10.110642278588509,1.9999999450036299
0.9838517542618401,9.997459162042272,2.0299966370534817
1.0181236912216585,11.027966859243481,1.8400229342264594
0.9903615340327815,9.780803838054654,2.1456373508950284
0.9872852016371021,9.775359768412999,2.0552887341725423
0.9952030035949139,10.175642941260538,2.124471738458904
0.9904138582855926,10.27566426277632,1.9031827248850124
0.9880490837249277,10.07818471128168,1.8999514635259673
1.0143099182862547,10.530444361726724,1.8852134707035832
0.9909443914997955,10.052161817052946,2.0492548005513123
0.9696010435404242,9.134833816949339,2.252362500779172
0.9826751993752583,9.816841201561102,2.1060745865476034
0.978669435235415,9.41519159051754,2.346931105959135
0.9798762688138637,9.78896940419037,2.0997599113998286
1.0056150889679047,10.428309114712707,1.9816173587479908
0.9848631209481165,9.75514396121348,2.1607678575660567
0.986401518383346,9.783073789006544,2.0922385335704687
0.9890544719812183,9.983992646805014,2.0287482044908653
0.9916077549163879,9.790317986433443,2.028176064253016
0.9800844263001809,9.502548884598493,2.2747203231773154
0.9882406354441935,9.828566677594242,2.10234063126048
1.0063159880635764,10.581195393828365,1.9078578758375284
1.0223016295602774,10.91269390000795,1.9510565782946723
0.9918154536710634,9.955733788756488,2.1791343795921834
0.9768787473375982,9.435445726376564,2.244186305073539
0.994154328029209,10.160360552751708,1.939633231964235
1.0058852588991145,10.536870980127686,1.9233083317900157
0.9893347207423984,9.608187454702641,2.1716623268121342
1.0043695277982028,10.392627019143703,2.06284845639035
0.9903169324050005,9.93677697710264,2.1160194060396855
0.9951849506472569,10.018263071859806,2.065162550810973
0.9881595995215404,9.954243364468693,2.0564982004266272
1.0285967621877312,11.187547231383169,1.7918960001874797
0.9858728369403128,10.162189735447676,1.9160874159187664
0.9873632057615521,10.093264686390095,2.0000000140224325
1.0059503118749216,10.462356559551482,1.8148925132445568
1.0012873056299794,10.343987548001937,2.0343731620138135
1.0125590081589397,10.603348160670619,1.925202177967233
1.0263555905201738,11.089667105597114,1.9019130462724485
0.9901870649160538,10.191796486343893,1.9156294786239512
0.9900462798908399,9.654857952842725,2.192640452746133
0.9929717181885668,10.050094062211489,2.1232193246120903
0.9984594085871619,10.309145789450096,2.02800981138216
0.9923763582847369,10.069638909001107,2.0623696273739744
1.0107910177877961,10.663634007498697,1.8340068778155432
0.9895782917655109,9.920656722841578,2.0882025078663693
0.9905260618427708,10.550456739049313,1.6906718865447337
1.0026604145764264,10.239016949159673,2.0000000122273276
0.9752163848918666,9.496645312876224,2.140644922970504
0.9772008517445155,9.496121924865053,2.1283564620508617
0.9748909548157081,9.583221593466934,2.0534439721375124
0.9921336006555483,10.053540773027708,1.9304080179871892
0.9936621970494407,10.103456114420064,2.0000000402759484
0.9860565563744043,9.802031753166697,1.9339637646670118
0.9951190368553491,10.08408478580461,2.150587627403846
0.9810462378247548,10.000212605653477,1.999999155011493
1.0190864568003093,10.854054759621679,1.9202333886422314
1.0196344235272532,10.707192582537553,2.0000000211349818
0.997302070204383,10.447281669605085,1.7794131224386658
0.9971983865563542,10.005387823995349,2.0607662865922776
0.9975991327575866,10.104128240883895,1.9007812242077002
0.9828475627098787,9.694583646139934,2.14987495662595
0.9824067941910104,9.897670824357077,2.0176766530250503
0.973484511596845,9.768310679698782,2.128264713538811
0.9692438740201567,9.299899064584427,2.147433555701153
0.9773408182411255,9.161614462215592,2.483866586384402
0.9778141187563425,9.804174479741818,1.9821962885258178
0.9747510737261186,9.846132494012329,2.058365816099091
0.9826990966722122,9.61919107987901,2.16832031260392
0.9860350993388455,10.048094464337025,2.1364464114438033
0.9969790033728768,10.193487120566067,2.203066572709207
1.0127790176278726,10.995072829098309,1.7558020574718634
1.0185530659519897,10.888735550707215,1.8105552000110092
1.0092149011795968,10.581457192049166,2.0365092523397066
0.9874475547075382,9.951381944631315,1.9102817016657905
0.9788429759689703,9.47486587082739,2.251952095147736
1.0221268012602087,10.852378452706107,1.8251589913120414
0.9882882988956533,9.969407302276124,1.924959495605525
0.9706315354676426,9.448261883234077,2.2425001823763693
1.005828649606683,10.702110817195232,2.0704600440752516
1.0044092798395712,10.449593679486943,1.9999999876416528
0.9953768147430838,10.15514793494905,1.9815503908485146
0.9878965107443479,9.919577494648056,2.099815332705763
0.9775692625228238,9.772256784999856,1.9867711753137636
0.9807146515086191,9.597742318021568,2.2266003018206852
0.9763584901638149,9.586457195689981,2.2157436015876995
1.0161809538252757,10.665902222065801,1.858272745635442
1.003032819256421,10.154067987812377,2.0914314035447643
1.0195878475394833,10.402646490984154,1.985838254489762
1.011813223501069,10.569982198692363,1.9401770814646107
0.9949174410849624,10.233536837953274,1.8767196257828984
0.9912803008189022,10.057874105554768,2.2201939126311916
0.9829504170201404,9.849801861602112,1.9999996930915669
0.9983548872928615,10.107531751030757,2.1703006592644987
0.9967140085057556,10.042589758205146,2.0797224631169287
1.000216748424255,10.047529485866825,2.093903133096129
0.9867670544555167,9.9579010168821,1.9999984626915872
0.98593973446502,9.724248737746088,2.0515751621785867
0.9923700797541092,10.252852134779644,2.0887788399190357
0.9985344278988365,10.386800661867705,1.8847027152607092
1.0197090934849853,10.672517681169392,2.072458859949598
0.9867982097401222,9.964465371115564,2.20944088874432
1.001000590651182,10.312072738136374,1.9999999841884741
0.978960728758354,9.63073902422544,1.9803465899518748
1.0034664069568422,10.643224960270237,1.800670921006468
0.9840342896713341,9.851316226646658,2.016573250838564
1.0091247338102727,10.242295523290831,2.1716647609911335
0.9815155997883129,9.729058185732512,2.0807944321389895
0.9942470181789927,10.127486765052556,2.0901560818000333
0.9989977286263646,10.541742111324366,1.7509493100449685
0.9909101037805427,9.929053459643736,1.9384324076427655
0.9966825222991207,10.463702500457755,1.8466995459982984
1.004405892685389,10.385335007499647,1.9999999610181156
0.9952113897230446,10.324402297951984,2.0008834420830275
0.9973406233837282,10.059175572333565,2.009691490539519
0.998985781851813,10.271235445785528,2.1252479934181947
0.9688672165095281,9.495226422758998,2.1638403794667784
0.9776926513090277,9.743378914269163,2.206199063652052
0.9687123860868139,9.593870045240863,2.085382510040883
0.9758323048268013,9.478549200492031,2.0454644310578467
0.9815301967830741,9.881427009073583,2.0000001758882644
0.9864211659995492,10.032027371198897,1.9999999986066994
1.0117409032783848,10.491886207281627,1.9167578628559645
0.9724993022922027,9.666002187564258,1.9336194021530595
0.9902571913181619,10.257128273748616,1.8159093617187119
0.9880242547124259,9.764791000574721,2.1671829673963385
0.9820016798450415,9.51868778333287,2.1639994913389375
1.0074875376892167,10.638765106808824,1.88856717659582
0.9814403133554549,9.869485633056122,2.0000007963901987
1.0001670414329444,10.368795310107098,1.9322072474484608
0.989923524387145,9.913639473541808,2.0563980777581703
0.9936537213709447,10.19876185068882,1.9326076031312984
1.005906011319593,10.500316170976706,1.7811123181529438
1.0033109419724258,10.459563819315317,1.8221407605865234
0.9934554923981115,9.828988055150653,1.9018800264979385
1.0058012688500808,10.489124695998692,1.8872055427885046
1.007129691478127,10.566493922175914,1.9661239459207134
0.998398989672795,10.316123833399228,1.8647385167916768
0.9947671044794161,10.152372523137336,2.1369708881086478
0.9922243485526119,9.954044164469476,2.0557476973180706
0.9916839300963022,10.557274248479283,1.743238263138533
0.9962614145553047,10.107723912655693,2.051484605863183
1.0001943953854449,10.267728420012824,2.017568749730523
0.9790649939898325,9.71896509492623,2.0991230419143188
0.9763690648099542,9.543010782672626,2.1929532882144898
0.9990328095135393,10.182323057329512,2.0079185383249776
1.014633401201511,10.711320618793518,1.9038674054261335
0.996490295389343,9.773722694137419,2.237072556412088
1.0105127016036155,10.699370077735932,1.9646251362749816
0.985654637397106,9.876870617874582,1.9494728277507873
0.9972174230828815,10.262756027995131,1.8221522592608856
0.972698449165472,9.73660739670781,1.9999996625104965
1.0131704148483294,10.700006748575218,1.7892220473580898
1.0048700118244251,10.527596613001387,1.78942852475149
0.9835079947526838,9.452030397284073,2.2730349612472844
1.0036715841598383,10.423845208731056,1.900485551526163
1.0001019783400091,10.460543577915024,1.7205408599945067
0.9865051548947217,9.988672450463211,2.015162790669798
1.0000637978813598,10.330041251206065,1.9238528719394756
0.9764352744991475,9.502088332883762,2.200044790808791
0.9803073956537738,9.572619408942037,2.109240587889429
1.0025887358780639,10.579987005976662,1.8900480280244323
0.9960178534527144,10.148116589177551,2.0129627129140744
0.9930036156263045,9.989124122098701,2.0490524984646385
1.0118953737483916,10.93325256157944,1.7044641560236828
0.9897606045373281,9.977235560541482,2.016793625591609
1.0103640803154477,10.680982566924353,1.8725078665584027
0.992974473346117,10.055706454601802,2.1582782447157647
1.0099735601179187,10.41296647816612,1.9999999509770132
0.9961088520469633,10.212296965925892,1.9736884144718874
0.9991806968253831,10.194355336515304,2.0871530540904284
0.9734058214722652,9.419820008046734,2.333360958416299
0.9752127310344691,9.654698372441409,2.0829275787460273
1.0020054802063756,10.385177320917157,2.0095523286998875
0.9865587675314673,10.01527403165677,2.073285885988464
1.0101664624353053,10.25108191030929,2.238361371137209
1.0103162853925725,10.468147434486381,2.057246539840153
1.0079928114893455,10.364416202259306,2.056110197161479
0.9964828577152993,10.184823470850512,2.0669665018102696
0.9843616888085923,9.9705944926336,1.953913215681298
0.9663261870240404,9.041967284246866,2.3130607159911842
0.9791607518703581,9.77117607325038,2.073507299569066
0.9946797517368261,10.074239380040844,2.050251175975356
0.999471748360065,10.262104509288095,2.000000005731703
1.0029632354034894,10.276754849459406,2.0052522860042155
0.9974866377719104,10.000851952735385,2.09911660877341
0.9738464212566144,9.555733975036302,2.0883622391595176
0.9848507806414201,9.941134424601936,2.0578315080586043
0.9833749418939932,9.867983818921363,2.032702209722297
0.9941905233113152,10.304374827848912,1.822830205524228
1.0042690361180646,10.235888682675066,2.102702382177747
0.9892595414201055,10.006117309199276,2.0561383850347474
0.9911906058023386,10.068207827490443,1.9026917492946458
1.000418819440077,10.22790625490713,2.0468094216693102
0.990714461062605,9.973284945897642,2.036674906627429
0.9641976043995543,9.081591650553264,2.2440044877023593
1.010785117035197,10.926255545441206,1.6685328839839824
0.9818948341886722,9.831843443784733,2.2496147237979507
0.9984856233328977,10.11172904070997,2.051830519385262
0.9838614425737316,9.731588648142257,2.103019227242595
0.9829622527639805,9.636896825503321,2.171882881662672
0.9636451961589371,9.322358636434869,2.091343865726886
0.9981177224967771,10.624003506125634,1.7279548659206856
0.9893546900986917,10.197099220476296,1.9221867075630374
0.9926036596574606,10.219078545193076,2.0393718461347783
1.01182246093685,10.580910690812589,1.8203132044593484
0.9846501359671694,9.83683331552249,2.014239927736533
0.9804236453957281,10.011604584575775,2.1038510571547824
0.9912282274350727,9.808022998844985,2.1180240310701635
1.0025698101118188,10.274402586891503,2.106695863725846
0.9975345111866369,10.203258267354892,1.977581448007007
0.9950973003637529,10.0085468676574,2.1008912063718532
0.9946377489263675,10.035246619998672,1.999999969190661
0.9843705288534973,9.542845274652272,2.187032500537495
0.9919993119997061,9.679567600652607,2.222109958790018
0.999215822129582,10.536578677114575,1.8620572710027192
1.007297336935164,10.208786374709083,2.164261983140628
1.0082240105366689,10.827410169597764,1.7992849793418912
0.9999669700388965,10.337618179342092,1.944822023339621
1.0088114431423034,10.410922399176002,2.000001882089122
1.0300406999789764,11.488544760522915,1.863722727938005
0.9910011417174115,9.910655383347692,2.1050727991819755
0.994127805200113,9.97586063302892,2.0000001492702624
0.9946676320460789,10.337575457064338,1.9999964326202233
0.9954245627385057,9.886737799336068,2.2256974639093254
0.9935190293030174,9.879259942799925,2.1703306788201844
0.9932333148856356,10.031170205880256,2.032233762055298
0.9983470294284279,10.131419922566565,1.9491518793755571
0.9995320136247623,10.089536121682496,1.999999994900324
0.9852520112043824,9.753625900993836,2.1480912648209367
0.9949840682609044,9.891953979294858,2.147690378433565
1.0108295035394481,10.329841237672769,2.143478468057286
0.9772433479058711,9.719948030908824,1.967471051949272
0.9875391936884342,9.794049993018493,2.0830219387006235
0.9901500226755748,10.071758486780263,2.09448698723199
0.9889813232464786,10.07681551598751,1.919329278542843
0.9944736654784414,9.99051299913304,2.0000000256788844
0.9958084816777945,9.73235652136809,2.292066900044377
0.9870981073857414,9.824070845200623,2.1269188764012648
0.9684460648354941,9.71449731360306,2.1530326385591247
0.9881001752336509,9.706372334921992,2.1147889809660296
1.0202607495107252,10.807992247933807,1.9999997842038693
1.0143178471716605,10.442453603830517,2.0713757138021727
0.9829075436130223,9.619870018516592,2.1472408249567074
0.9959085625820875,10.483119704278373,1.8199382577593772
0.9817312620918174,9.582314854621318,2.2574118913832413
0.9958759866312494,10.030617208904124,2.0595656581981645
0.9907985832729078,10.091289899943828,2.005168130417334
0.9901818965183341,10.006891438516131,2.0340348638742003
1.0053148552184268,10.19686492921525,2.0405040423516576
0.9610645758713042,9.305493067140976,2.0299741022599944
1.0047012908672495,10.333631696757626,1.9106606928732723
0.9804933095132166,9.496472767179881,2.180127905087664
0.9951399390581006,10.144507724724187,2.0032900923541277
1.0209097503950175,11.050239135803691,1.8326858429086608
1.0048617336632428,10.528011889521773,1.8297972055825031
1.0169039065557854,10.613165604258517,2.0154011213066045
1.0022170864094904,10.22241184461177,2.1654510484605685
1.0074987646223899,10.892511505784555,1.8052509555491165
0.9994997856359069,10.24079793275557,2.089739747266589
0.9939944890053309,10.039545290628729,1.999999955495966
0.9875157713685275,10.079449018030276,2.0942842788016445
0.9887284602720939,9.8036527709415,2.091642259928828
0.9649753972141251,9.327747984511188,2.1202234078790934
1.0002524076859547,10.750065454296314,1.6993268493371825
1.0067308341159693,10.627527172239148,1.8015316864472646
0.9815172433085663,9.669749718430369,1.963760437349705
1.0250359455250309,11.267251193652493,1.6849035838607664
0.997851827275715,10.148823250925071,2.1133069181777553
1.0077017892969609,10.83343085421509,1.7547306172337063
1.03989937517654,11.316186414974911,1.9125705823578454
0.992230404337297,9.561946020476517,2.359778390896346
0.984004416080333,9.528175315188728,2.1900806267661843
0.971124514222696,9.31739050401837,2.160142047315315
1.0285619710062606,10.745431303768681,2.000000001364592
0.9949252122840064,10.109686715894746,1.9161226814089134
0.995196890133889,10.209460615812326,2.000000090574407
1.0004904915548538,10.28879599357184,2.039785032541727
1.018475917779333,10.944216823868784,1.8985292878807187
0.9904530287055381,9.955197827967556,2.1468123839598037
0.9888175560521951,9.942824145809405,1.8924654708063393
1.0214438820454574,11.007897539440918,1.9173538069139469
0.998790544080083,10.384559718763933,1.864987098569149
0.979248369655991,9.62688355777443,2.241776380688512
0.996752916944385,10.168110507390136,2.0550605088112825
0.9820259561603126,10.001153790370175,1.934484851820118
1.001133217046244,10.652859261487647,1.8644758036736533
0.9876669014754823,10.21717230739888,1.7872266216523758
0.9733367490886146,9.19847812879335,2.2352762971825046
0.9996641981937717,10.392407771886523,2.0000000110780682
0.9882084911396872,10.126490577966566,2.026180401679833
0.9867417328584822,10.23753948209103,1.9097741390440586
0.9846916237576324,9.839730716345807,2.184173528621285
0.9551277475465535,9.111751648536899,2.216707853935154
0.9891655837195352,9.652030892350709,2.191210255459549
1.0059724452103995,10.55870970587828,1.793965865729568
1.0036225215203152,10.176707534774636,2.1135899439344845
1.001310381158897,10.344602406500927,1.901752292623089
0.9908923848780707,10.078437271761615,1.8714609254388577
0.9978034026142129,10.093981325635509,2.0812273988350247
1.014872839725693,10.611088515582914,2.000000079270945
0.9814986990380096,9.712427045994996,2.201510280508181
0.9857383465593917,9.645038280255783,2.158389716273687
0.9889283516589364,9.73302530317885,2.1857485967808885
1.0118891089589195,10.211839130255983,2.1953532544396546
0.9927533259247259,9.78825275292952,1.9987014504780716
1.006674234135766,10.528345015516468,1.8978530148066897
0.9858156784679064,9.573325179390055,2.1552175084330174
1.0030522536805389,10.394156351561382,2.0000003136902857
1.0074950896778685,10.364086675051517,2.102396911464561
0.9806178712389975,9.816983426095423,2.0000000599274177
1.0103030346404476,10.49903723037589,2.1596317546950514
1.0183453633526598,10.82667617266451,1.794091870073108
1.0138634678475322,10.429285068614302,2.0997216567825108
0.9708862728668287,9.452909165548807,2.106793868799069
0.9921432769241016,9.599236704476288,2.335031706343643
0.9903393879447652,10.04750836832055,1.8748954877645607
0.9874924932100544,9.886869195680527,2.0000012567171823
1.0127162583018499,10.549486655258404,1.8560764531673046
0.9981259284745576,10.686090207571107,1.760940064960192
0.9907784137791904,10.006881772252171,2.0261935593388922
0.971113220988233,9.526815911303824,2.1141249852830075
0.9794302398293204,9.705944990344042,2.077707715272705
1.0268442860846705,11.181249473720305,1.7753319218197536
0.9930288936357883,10.17276911024138,1.9031551695044906
0.990665006526701,9.968447343297065,2.1620516750381342
1.0018032332463713,10.363468377335327,2.0699984926186135
1.0004269057664246,9.975049561651042,2.094407941182817
1.0085274586423656,10.631737083321248,1.999999979077245
0.9989055435606906,10.380889395440587,2.0000001144442687
0.9649811835750237,9.359748811402408,2.140515272529292
0.9971600329104819,10.298447976749243,1.9999999210250785
1.0064703528428918,10.258629769549325,2.023978979442456
0.9992613278648768,10.149776060606781,2.0709971344083886
0.9848283756693929,9.666883098236003,2.176489555852531
0.9920017682412807,10.200579374351248,2.000840352909215
1.0076507967334531,10.748464552316694,1.8753339360759151
0.9973393570730562,10.159952869858635,2.0844843997400546
0.9746735957694639,9.359188897966925,2.0605571831297236
1.0198149404990347,10.855071211961214,1.8966680046493962
1.0003901774172306,10.438295666340556,1.903127216390353
1.0036610344172756,10.522990458049732,1.8596277655283122
0.9848044968125088,9.903537663778781,1.9766779484597745
0.9940392611059763,10.035285631009213,1.9809082934941844
1.0204037213408956,11.203664210295925,1.8121536343807758
0.995786157590955,10.043491840662206,1.8849203602577773
0.9981829236249279,10.274773337238532,2.0000011749938698
0.9897125189136344,10.020665750719052,1.975184156515423
1.004043300706949,10.215001275326067,2.0000000056907776
1.0119042659687398,10.473025080405769,2.0000001165743893
0.9831978339687694,9.797469175328612,2.0306462953498055
0.9716883695960812,9.321038681625428,2.1431170908201
0.9791017746323878,9.88168974345106,2.052683089225658
1.0209835334278965,10.36846853513899,2.2205448514384276
0.9968710292098915,10.147882772102475,1.848589889230052
0.9971488363359415,10.516386996104693,1.9555187367027578
1.0133039620682835,10.793142279099818,1.8937598040946368
1.0017084502842604,10.295327341365857,1.9726568393714943
0.9830385929872404,9.619976064297864,2.0659876445176506
0.9880964980179185,9.707917033595802,2.2034063511187885
1.0025002019611244,10.136607832220069,2.2083542873213604
1.0044919822045493,10.43232714369413,2.0549165309017114
0.9883108053758839,10.04439571097985,2.017231932384222
0.993453240780734,9.824316607141242,2.154242829031362
1.0140804690063985,10.515377743109024,2.0078470592912017
0.9993809614613245,10.17849560326999,2.0932514449339306
1.00667855239205,10.276106295062064,2.03253994058055
0.9841042753412559,9.836054929736077,2.0554985539651747
0.9800218099053084,9.54334092817065,2.11791374162273
0.9915938016174722,9.928983574647026,2.142925578144927
0.9652539604048324,9.228642389326177,2.3323842278946856
0.9902787833518664,9.783530730974608,2.1266506656112067
0.9864115571867355,10.039822072705752,2.0359385954830853
0.9718668388495755,9.659957791049607,1.9339419361602268
1.0103339076561109,10.821710809887106,1.8048002662888702
0.9714648203521307,9.244719848446765,2.3574839966091354
0.9793526682373895,9.630575768991475,2.2451997526711667
0.9709384435372553,9.477562681556064,2.1879242517977784
0.9879478540986593,9.64272228584266,2.209694670817567
1.0035717062186003,10.534993631309849,1.9767182876228007
0.9808620220138126,10.0323546607056,2.0487129010088094
0.9905320775177996,9.798597263793697,2.101439814941064
0.9940245385959312,10.201843667395375,2.027059714550384
1.0065488977033492,10.590533407879885,1.9262802673291612
1.0130636971286637,10.564608144943401,1.887854283902607
1.0105040389141497,10.758646812904745,1.8016969580633606
0.994525504321268,9.976055513121626,2.0315386434724774
0.9873054388172678,9.497378986278145,2.3318715995690673
0.9779635470598969,9.640804945872967,2.040468802154126
0.9720419601048932,9.482393115808504,2.0572327627668
0.9906103111211626,9.999674320363543,2.1671939652231655
1.0247170949023479,11.154765480030576,1.7469029667423461
0.9788872152691424,9.67795629045475,2.178992091167889
1.0107232948073206,10.754216385455148,1.7454253359266425
0.996581607506276,10.12031740826395,2.0000000065344863
0.9935663696704058,10.393980290879039,1.8917228284914998
0.9873778293106495,9.856436653129027,1.9703866158025134
0.9862071783207925,9.928812490804251,2.120172001714195
1.0121779094293324,10.743063689942277,1.9224174699499084
0.9954795267245259,10.13275073776529,1.8975726136050537
0.9705148256019993,9.374673575609421,2.1114404728576783
0.9901472403400419,10.256615274828345,2.0037321305634066
1.020809159266799,10.983012802773615,1.7601402291924757
0.9729967120073015,9.312216576130137,2.2640557485741497
0.9968185959585751,10.209035717428725,2.0353893784764634
1.004663437976535,10.697531769995287,1.7643626624981137
0.9857285953293792,9.69639133099425,2.203334278714258
0.9712833175875457,9.35661190896805,2.2610004304804487
0.9819353595041818,9.69073742978443,2.091586217178349
0.9904789664993008,9.851147396273232,2.096700176578001
0.9986616107177412,10.046064367455461,1.999999994666488
1.0010204609169504,10.009667065071685,2.041501414156708
0.9900161096047939,10.037436224715808,2.0016700610155485
0.9949166673173981,10.117515651520941,2.061007890610908
0.9980258150592154,10.234716397330764,1.999999946701951
0.9943837280247957,10.00875441516282,2.1000928891648747
1.0061602728916372,10.59420414370108,1.8845045825247868
0.9999849826794882,10.476578697633496,1.9197842774621052
0.9857725483347494,9.739437834580459,2.3012811294305373
0.9821909360024031,9.814814541501345,1.979789404070622
0.9877933660118879,9.697566486299666,2.313565322032928
0.9743290832958341,9.442860434961332,2.283516333995084
0.9805911854216627,9.706599889066686,2.0686830310343174
0.9837470970103971,9.910376352497558,1.9480878494946279
1.0026607133860574,10.431032623779156,2.000000114315317
1.0035740819078927,10.174843738249406,2.1292032601604904
0.9976297753502894,10.177251179086396,2.0000000032839216
0.9922129651864307,10.11405808990809,2.219811045383731
1.0028953429731833,10.552581413374778,1.8250123773582767
0.9953234821703456,10.262120486379537,1.822772980077484
0.98830734274503,9.951585641092432,2.0622479969203584
1.0051623560282474,10.256340186080061,2.1062979527441468
0.9798270292957076,10.04169160284221,2.000000151951868
0.9913968469595115,10.075500003007596,2.000000029315193
0.9676467253636244,9.124622113388819,2.362735210837213
1.009343659938648,10.781473463397132,1.8273108029348222
0.9672405025886188,9.415039559632145,2.0295975765356786
0.9978215293873262,10.297288866634476,1.937167809401243
0.975032134785592,9.33676278544162,2.275470438112032
0.9937807474358114,10.000265045826099,2.1670714970642004
0.9964343479934052,9.950928925087736,1.999999944265227
0.9868828000480756,9.758108962938966,2.1014049608423004
0.9840111783807818,9.999348329749866,1.9696680108983102
0.9914051978217218,9.903537533959348,2.0288763243313004
0.9899930810504333,10.201548559060987,2.000000037964694
1.0230343049783464,11.017207840453457,1.9189954935383582
0.9877399235082612,9.992340673630832,2.058958893081615
1.0066075533889132,10.705321909489097,1.8472763419341331
1.0180580474274203,10.886169026599928,1.7572681311261544
0.9988364094813463,10.156707368721879,2.065805487528047
1.0097157224193751,10.639786488981775,1.995535881329335
0.9679256152188535,9.255809537163842,2.209968145926272
0.9823849456006835,9.686540785394904,2.232562129037911
0.9826562209776395,9.732388468868757,2.101352709390379
1.006726114887669,10.304751073959462,2.0151005305348346
0.9988034310635046,10.067056003095287,2.0351739715345243
1.0168329199070596,10.66535779886543,1.9113090973317373
0.9971897337437532,10.312267776966303,1.9352655835366188
1.002555222728327,10.375408438182834,1.875755324266907
1.0137317063524567,10.869018261299077,1.8020405877053973
1.0125486140262978,10.886286950229906,1.7310887408883637
1.006992336008917,10.91415972694491,1.767414358073677
1.0002121624076912,10.165303729536834,2.0773562540518475
0.988590521440171,10.058445614373346,1.88892456030522
0.9844923478745184,9.625322695821009,2.165131574297083
1.0067110226426508,10.461116628834997,1.8531052282811402
0.9822539795240101,10.005133254257538,1.913123885973329
0.994223141389052,10.191293910660614,2.0437209860435943
1.004393899606085,10.432746170733346,2.0000000414959356
1.0013543425743876,10.296832609908924,1.9510717220488276
0.9707389914665171,9.47755059316072,2.158778269532624
0.996757373803205,9.994536293450375,1.9999992614432847
0.972932127197642,9.367199777944327,2.1751898754853887
0.9862126180781349,9.917225061640801,2.156413933707229
1.0245520645889346,10.711561591378187,2.0066431272696397
1.0100825421470239,10.376807751354184,1.9999997986231686
0.9771397896184927,9.573403800807936,2.2041182601192104
1.0112451199337915,10.349559177434996,2.0672812982787767
0.9972462273942145,10.217728778642662,2.0355389466735003
1.0108797116610495,10.740399003092111,1.9583025302574042
0.9938481965743424,10.097691681222798,2.166719069045186
0.9848490161636926,9.717920864681728,2.1328470243692856
0.9950346128747145,9.979569223982553,2.0317132022979743
0.9959076930790767,9.93999043989743,2.1128576188605983
1.001398918521034,10.30368442539699,1.8671141222430963
0.997015922767,10.304553899927598,2.1688280706255734
1.0038170876255577,10.366947846949046,2.070517332892469
0.9731172489645212,9.15474340156994,2.241398957036785
0.9901875742316169,9.775786457538496,2.1520562446730427
1.0030584762348624,10.464066941026479,2.002349537965918
0.9950718129421876,10.123303233979643,1.9000313494971184
0.9818456353203946,9.893879678609462,2.0840360892443726
0.9814044774021632,9.85875457824369,2.0078903027721666
1.0100270758997867,10.410311782355263,1.9603933262335527
1.013348198674993,10.8494832773062,1.7939156213450844
0.9798063823338019,9.988231516910796,2.000000015340674
0.9748280312685565,9.315989878038335,2.204179544964095
0.9895140852398986,9.849022974293455,2.0000789958627614
1.0036156975596224,10.164915013629425,2.1328049901370587
1.0128993151195438,10.585364234947152,1.8775386897416366
1.0011673002008534,10.39989787392725,2.039747336015268
0.9863914212772229,9.80395978431047,2.0565100600145496
0.9848537854999251,9.816277269949444,1.9529540065159854
0.9986632464179579,10.195704603299937,2.049258896720259
0.9778496380618932,9.6900439237225,2.0508230608386384
1.0028473293301188,10.2225336317049,2.0410800236568742
0.9971791785626336,10.0296722495792,2.2059838689354723
0.9904802751186308,9.781358897953938,2.2730048167607957
0.9964254369581975,10.09344944264024,2.154939966048267
0.9894185262758866,9.84533640399893,2.0592478945135477
1.000888904547441,10.05202049533214,2.080659786836661
1.0220906687552878,10.516337474087798,2.066389506666226
0.9838444705922593,9.85070869786797,2.0108561552078132
0.9910492171769307,10.335181826633747,1.9145439081623734
0.9990731635974501,10.309268806466827,2.036795193767968
1.0166818605636432,10.975492323786703,1.7385495540291185
0.999418321794768,10.130396876020864,1.934029109059023
0.976013512526681,9.40168088364996,2.2710980966566994
0.9998762561345858,10.309306234901028,2.0320319874552424
0.9936142011018728,10.185419926256769,1.887472850917359
0.9969119988314091,10.058538771951334,2.0148778080554948
0.9938670530084937,9.985681658139205,2.0425382492645268
1.002175598701171,10.116697166129184,2.186691527596212
0.9926135742467643,9.95032917772121,2.095648330209886
0.9656547135763249,9.432592975318181,2.0733282369159447
1.0142965174167804,10.633034544802735,1.9686171918492252
0.9829888116540086,9.880510576446278,1.979392655648801
0.9903124348608983,9.983758700936024,2.123422633775981
0.9948911412635185,10.039109638185849,2.0844039426592955
0.9827801583015002,9.56531940718415,2.296237494124358
0.9983075812847703,9.965893469056542,2.0402983668644596
0.999241783901495,10.001534267938613,2.210298181245926
1.0159858795486882,10.72630987588027,1.889407754240401
0.9958342114301532,10.083878507089112,2.0785762396203515
1.0140205836057317,10.488975629763047,1.9951552871186964
0.9821976261854827,9.794998198961096,2.127186403754853
0.986078873661695,9.681887930544338,2.0729245675118144
0.9644757015367157,9.409584358764182,2.0497331695192638
0.9929798508823218,10.134281615364479,1.9999997439406785
1.0164522485314795,11.30175140856302,1.5958926288610513
1.0211760758161421,10.81687767434332,1.8324788981471347
1.0240874243046059,11.071146828161757,1.9125304442759092
0.9803288532442795,9.732388015928466,2.0857801571944266
0.9926266322572413,10.148628799187547,1.8899157322514233
1.0149249370407794,10.703106134975874,1.8523844612337386
1.0064536955172056,10.578468370293011,1.8001661816290377
1.005029676580513,10.594416014706349,1.8243435330419353
1.003422308099137,10.477738460978816,1.8166399734022356
0.9658816088772487,9.06507486070604,2.3565829846964057
0.9840968830172065,9.547680609691925,2.232505020157343
1.0282012308107769,11.221224356903397,1.6194105587770755
0.9888824841048128,9.924344254422289,2.0091308266784926
1.002653908071107,10.18798656530219,2.1036162623585617
0.9679174565821212,9.596302031459206,2.195889980523937
0.9814026461914616,9.62449919229112,2.1508425657888193
1.0112554568333108,10.456384118524785,1.8715360153176421
0.9892128115817195,10.127183436359516,2.019164343188213
1.0115261159404996,10.513061679573648,1.9063875569768343
0.9983117274190374,10.231278368794646,1.9331687631045793
0.9985158891648939,10.308479047168879,1.8766618293853101
0.9855176009682934,9.772945905233655,2.1967009135698885
0.9762268259477034,9.351785132911372,2.3475404869945327
0.9897968196120251,9.937531246344399,2.00712727568049
0.9641293469239023,9.426579576404157,1.995230617834328
0.9875408123845671,10.03421273535305,2.069067299789627
0.9897614274574768,9.854848551112621,1.9999999800372423
0.9743329815827917,9.681342796937372,1.9878592779738233
0.9817416637860543,9.82071197524665,2.0509526854709588
1.001507667148957,10.33657101973104,1.910455901379459
1.0019176706292738,10.303070185596766,2.0682813675639142
0.9981195150935694,10.122450502289258,2.044074369627876
0.9822060474932228,9.830290522934591,2.023790309252973
0.9936184758059794,10.138677995551534,1.9417044941279833
0.9688696502092857,9.462365562700052,2.057808521319612
1.0079298079015337,10.695521414018508,1.7876714189961482
0.9971440217632247,9.90437573683573,2.0557855311264093
0.9914706098500001,9.935866515171401,1.9999999934034844
0.9902709267996925,9.918297994202126,2.1193299700641512
0.9847456255418661,9.686535567499742,2.15422986160719
0.997836740998431,9.84062473885044,2.19389233712699
0.9831150974785098,9.617621944493543,2.0000000079642115
0.9868869493037141,10.25827354998449,1.9045215550093664
1.0006905487438713,10.199696325841103,2.0441703975968735
0.9767682968719588,9.377314904917633,2.267725599508332
0.9887511199233383,9.87505482172655,2.1881626465064197
0.9917083680481736,9.951683154255418,2.0919949519718584
0.9920283775759082,10.115666874311827,1.9708320600261386
0.9945546933117271,10.440763552866631,1.8998233401755917
0.9811401201358985,9.868134428632697,2.080647636503996
0.9944593253266496,9.940236021197007,1.9677821874702408
0.9936280566379121,10.147225870719646,2.075181794084675
